SANSA_SA,GEO1,Request,2020-01-01T00:00:00.000,0.0
SANSA_SA,GEO1,Request,2020-01-01T00:00:00.000,0.0
SANSA_SA,GEO1,Request,2020-01-01T00:00:00.000,0.0
SANSA_SA,GEO1,Request,2020-01-01T00:00:00.000,0.0
SANSA_SA,GEO1,Request,2020-01-01T00:00:00.000,0.0
SANSA_SA,GEO1,Request,2020-01-01T00:00:00.000,0.0
SANSA_SA,GEO1,Request,2020-01-01T00:00:00.000,0.0
SANSA_SA,GEO1,Request,2020-01-01T00:00:00.000,0.0
SANSA_SA,GEO1,Request,2020-01-01T00:00:00.000,0.0
SANSA_SA,GEO1,Request,2020-01-01T00:00:00.000,0.0
SANSA_SA,GEO1,Request,2020-01-01T00:00:00.000,0.0
SANSA_SA,GEO1,Request,2020-01-01T00:00:00.000,0.0
SANSA_SA,GEO1,Request,2020-01-01T00:00:00.000,0.0
SANSA_SA,GEO1,Request,2020-01-01T00:00:00.000,0.0
SANSA_SA,GEO1,Request,2020-01-01T00:00:00.000,0.0
SANSA_SA,GEO1,Request,2020-01-01T00:00:00.000,0.0
SANSA_SA,GEO1,Request,2020-01-01T00:00:00.000,0.0
SANSA_SA,GEO1,Request,2020-01-01T00:00:00.000,0.0
SANSA_SA,GEO1,Request,2020-01-01T00:00:00.000,0.0
SANSA_SA,GEO1,Request,2020-01-01T00:00:00.000,0.0
SANSA_SA,GEO1,Request,2020-01-01T00:00:00.000,0.0
SANSA_SA,GEO1,Request,2020-01-01T00:00:00.000,0.0
SANSA_SA,GEO1,Request,2020-01-01T00:00:00.000,0.0
SANSA_SA,SAT3,Request,2020-01-01T00:00:00.000,0.0
SANSA_SA,SAT3,Request,2020-01-01T00:00:00.000,0.0
SANSA_SA,SAT3,Request,2020-01-01T00:00:00.000,0.0
SANSA_SA,SAT3,Request,2020-01-01T00:00:00.000,0.0
SANSA_SA,SAT3,Request,2020-01-01T00:00:00.000,0.0
SANSA_SA,SAT3,Request,2020-01-01T00:00:00.000,0.0
SANSA_SA,SAT3,Request,2020-01-01T00:00:00.000,0.0
SANSA_SA,SAT3,Request,2020-01-01T00:00:00.000,0.0
SANSA_SA,SAT3,Request,2020-01-01T00:00:00.000,0.0
SANSA_SA,SAT3,Request,2020-01-01T00:00:00.000,0.0
SANSA_SA,SAT3,Request,2020-01-01T00:00:00.000,0.0
SANSA_SA,SAT3,Request,2020-01-01T00:00:00.000,0.0
SANSA_SA,SAT3,Request,2020-01-01T00:00:00.000,0.0
SANSA_SA,SAT1,Request,2020-01-01T00:00:00.000,0.0
SANSA_SA,SAT1,Request,2020-01-01T00:00:00.000,0.0
SANSA_SA,SAT1,Request,2020-01-01T00:00:00.000,0.0
SANSA_SA,SAT1,Request,2020-01-01T00:00:00.000,0.0
SANSA_SA,SAT1,Request,2020-01-01T00:00:00.000,0.0
SANSA_SA,SAT1,Request,2020-01-01T00:00:00.000,0.0
SANSA_SA,SAT1,Request,2020-01-01T00:00:00.000,0.0
SANSA_SA,SAT1,Request,2020-01-01T00:00:00.000,0.0
SANSA_SA,SAT1,Request,2020-01-01T00:00:00.000,0.0
SANSA_SA,SAT1,Request,2020-01-01T00:00:00.000,0.0
SANSA_SA,SAT1,Request,2020-01-01T00:00:00.000,0.0
SANSA_SA,SAT1,Request,2020-01-01T00:00:00.000,0.0
SANSA_SA,SAT1,Request,2020-01-01T00:00:00.000,0.0
SANSA_SA,SAT1,Request,2020-01-01T00:00:00.000,0.0
SANSA_SA,SAT1,Request,2020-01-01T00:00:00.000,0.0
SANSA_SA,SAT1,Request,2020-01-01T00:00:00.000,0.0
SANSA_SA,SAT1,Request,2020-01-01T00:00:00.000,0.0
SANSA_SA,SAT1,Request,2020-01-01T00:00:00.000,0.0
SANSA_SA,SAT2,Request,2020-01-01T00:00:00.000,0.0
SANSA_SA,SAT2,Request,2020-01-01T00:00:00.000,0.0
SANSA_SA,SAT2,Request,2020-01-01T00:00:00.000,0.0
SANSA_SA,SAT2,Request,2020-01-01T00:00:00.000,0.0
SANSA_SA,SAT2,Request,2020-01-01T00:00:00.000,0.0
SANSA_SA,SAT2,Request,2020-01-01T00:00:00.000,0.0
SANSA_SA,SAT2,Request,2020-01-01T00:00:00.000,0.0
SANSA_SA,SAT2,Request,2020-01-01T00:00:00.000,0.0
SANSA_SA,SAT2,Request,2020-01-01T00:00:00.000,0.0
SANSA_SA,SAT2,Request,2020-01-01T00:00:00.000,0.0
SANSA_SA,SAT2,Request,2020-01-01T00:00:00.000,0.0
SANSA_SA,SAT2,Request,2020-01-01T00:00:00.000,0.0
SANSA_SA,SAT2,Request,2020-01-01T00:00:00.000,0.0
SANSA_SA,SAT2,Request,2020-01-01T00:00:00.000,0.0
SANSA_SA,SAT2,Request,2020-01-01T00:00:00.000,0.0
SANSA_SA,SAT2,Request,2020-01-01T00:00:00.000,0.0
SANSA_SA,SAT2,Request,2020-01-01T00:00:00.000,0.0
SANSA_SA,SAT2,Request,2020-01-01T00:00:00.000,0.0
SANSA_SA,SAT2,Request,2020-01-01T00:00:00.000,0.0
SANSA_SA,SAT2,Request,2020-01-01T00:00:00.000,0.0
SANSA_SA,SAT3,Request,2020-01-01T00:00:00.000,0.0
SANSA_SA,SAT3,Request,2020-01-01T00:00:00.000,0.0
SANSA_SA,SAT3,Request,2020-01-01T00:00:00.000,0.0
SANSA_SA,SAT3,Request,2020-01-01T00:00:00.000,0.0
SANSA_SA,SAT3,Request,2020-01-01T00:00:00.000,0.0
SANSA_SA,SAT3,Request,2020-01-01T00:00:00.000,0.0
SANSA_SA,SAT3,Request,2020-01-01T00:00:00.000,0.0
SANSA_SA,SAT3,Request,2020-01-01T00:00:00.000,0.0
SANSA_SA,SAT3,Request,2020-01-01T00:00:00.000,0.0
SANSA_SA,SAT3,Request,2020-01-01T00:00:00.000,0.0
SANSA_SA,SAT3,Request,2020-01-01T00:00:00.000,0.0
SANSA_SA,SAT3,Request,2020-01-01T00:00:00.000,0.0
SANSA_SA,SAT3,Request,2020-01-01T00:00:00.000,0.0
SANSA_SA,SAT3,Request,2020-01-01T00:00:00.000,0.0
SANSA_SA,SAT3,Request,2020-01-01T00:00:00.000,0.0
SANSA_SA,SAT3,Request,2020-01-01T00:00:00.000,0.0
SANSA_SA,SAT3,Request,2020-01-01T00:00:00.000,0.0
SANSA_SA,SAT3,Request,2020-01-01T00:00:00.000,0.0
SANSA_SA,SAT3,Request,2020-01-01T00:00:00.000,0.0
SANSA_SA,SAT3,Request,2020-01-01T00:00:00.000,0.0
SSC_CHI,GEO3,Request,2020-01-01T00:00:00.000,0.0
SSC_CHI,GEO3,Request,2020-01-01T00:00:00.000,0.0
SSC_CHI,GEO3,Request,2020-01-01T00:00:00.000,0.0
SSC_CHI,GEO3,Request,2020-01-01T00:00:00.000,0.0
SSC_CHI,GEO3,Request,2020-01-01T00:00:00.000,0.0
SSC_CHI,GEO3,Request,2020-01-01T00:00:00.000,0.0
SSC_CHI,GEO3,Request,2020-01-01T00:00:00.000,0.0
SSC_CHI,GEO3,Request,2020-01-01T00:00:00.000,0.0
SSC_CHI,GEO3,Request,2020-01-01T00:00:00.000,0.0
SSC_CHI,GEO3,Request,2020-01-01T00:00:00.000,0.0
SSC_CHI,GEO3,Request,2020-01-01T00:00:00.000,0.0
SSC_CHI,GEO3,Request,2020-01-01T00:00:00.000,0.0
SSC_CHI,GEO3,Request,2020-01-01T00:00:00.000,0.0
SSC_CHI,GEO3,Request,2020-01-01T00:00:00.000,0.0
SSC_CHI,GEO3,Request,2020-01-01T00:00:00.000,0.0
SSC_CHI,GEO3,Request,2020-01-01T00:00:00.000,0.0
SSC_CHI,GEO3,Request,2020-01-01T00:00:00.000,0.0
SSC_CHI,GEO3,Request,2020-01-01T00:00:00.000,0.0
SSC_CHI,GEO3,Request,2020-01-01T00:00:00.000,0.0
SSC_CHI,GEO3,Request,2020-01-01T00:00:00.000,0.0
SSC_CHI,GEO3,Request,2020-01-01T00:00:00.000,0.0
SSC_CHI,GEO3,Request,2020-01-01T00:00:00.000,0.0
SSC_CHI,GEO3,Request,2020-01-01T00:00:00.000,0.0
SSC_AUS,GEO2,Request,2020-01-01T00:00:00.000,0.0
SSC_AUS,GEO2,Request,2020-01-01T00:00:00.000,0.0
SSC_AUS,GEO2,Request,2020-01-01T00:00:00.000,0.0
SSC_AUS,GEO2,Request,2020-01-01T00:00:00.000,0.0
SSC_AUS,GEO2,Request,2020-01-01T00:00:00.000,0.0
SSC_AUS,GEO2,Request,2020-01-01T00:00:00.000,0.0
SSC_AUS,GEO2,Request,2020-01-01T00:00:00.000,0.0
SSC_AUS,GEO2,Request,2020-01-01T00:00:00.000,0.0
SSC_AUS,GEO2,Request,2020-01-01T00:00:00.000,0.0
SSC_AUS,GEO2,Request,2020-01-01T00:00:00.000,0.0
SSC_AUS,GEO2,Request,2020-01-01T00:00:00.000,0.0
SSC_AUS,GEO2,Request,2020-01-01T00:00:00.000,0.0
SSC_AUS,GEO2,Request,2020-01-01T00:00:00.000,0.0
SSC_AUS,GEO2,Request,2020-01-01T00:00:00.000,0.0
SSC_AUS,GEO2,Request,2020-01-01T00:00:00.000,0.0
SSC_AUS,GEO2,Request,2020-01-01T00:00:00.000,0.0
SSC_AUS,GEO2,Request,2020-01-01T00:00:00.000,0.0
SSC_AUS,GEO2,Request,2020-01-01T00:00:00.000,0.0
SSC_AUS,GEO2,Request,2020-01-01T00:00:00.000,0.0
SSC_AUS,GEO2,Request,2020-01-01T00:00:00.000,0.0
SSC_AUS,GEO2,Request,2020-01-01T00:00:00.000,0.0
SSC_AUS,GEO2,Request,2020-01-01T00:00:00.000,0.0
SSC_AUS,GEO2,Request,2020-01-01T00:00:00.000,0.0
SSC_AUS,SAT1,Request,2020-01-01T00:00:00.000,0.0
SSC_AUS,SAT1,Request,2020-01-01T00:00:00.000,0.0
SSC_AUS,SAT1,Request,2020-01-01T00:00:00.000,0.0
SSC_AUS,SAT1,Request,2020-01-01T00:00:00.000,0.0
SSC_AUS,SAT1,Request,2020-01-01T00:00:00.000,0.0
SSC_AUS,SAT1,Request,2020-01-01T00:00:00.000,0.0
SSC_AUS,SAT1,Request,2020-01-01T00:00:00.000,0.0
SSC_AUS,SAT2,Request,2020-01-01T00:00:00.000,0.0
SSC_AUS,SAT2,Request,2020-01-01T00:00:00.000,0.0
SSC_AUS,SAT2,Request,2020-01-01T00:00:00.000,0.0
SSC_AUS,SAT2,Request,2020-01-01T00:00:00.000,0.0
SSC_AUS,SAT2,Request,2020-01-01T00:00:00.000,0.0
SSC_AUS,SAT2,Request,2020-01-01T00:00:00.000,0.0
SSC_AUS,SAT2,Request,2020-01-01T00:00:00.000,0.0
SSC_AUS,SAT2,Request,2020-01-01T00:00:00.000,0.0
SSC_AUS,SAT2,Request,2020-01-01T00:00:00.000,0.0
SSC_AUS,SAT2,Request,2020-01-01T00:00:00.000,0.0
SSC_AUS,SAT1,Request,2020-01-01T00:00:00.000,0.0
SSC_AUS,SAT1,Request,2020-01-01T00:00:00.000,0.0
SSC_AUS,SAT1,Request,2020-01-01T00:00:00.000,0.0
SSC_AUS,SAT1,Request,2020-01-01T00:00:00.000,0.0
SSC_AUS,SAT1,Request,2020-01-01T00:00:00.000,0.0
SSC_AUS,SAT1,Request,2020-01-01T00:00:00.000,0.0
SSC_AUS,SAT1,Request,2020-01-01T00:00:00.000,0.0
SSC_AUS,SAT1,Request,2020-01-01T00:00:00.000,0.0
SSC_AUS,SAT1,Request,2020-01-01T00:00:00.000,0.0
SSC_AUS,SAT1,Request,2020-01-01T00:00:00.000,0.0
SSC_AUS,SAT1,Request,2020-01-01T00:00:00.000,0.0
SSC_AUS,SAT1,Request,2020-01-01T00:00:00.000,0.0
SSC_AUS,SAT1,Request,2020-01-01T00:00:00.000,0.0
SSC_AUS,SAT1,Request,2020-01-01T00:00:00.000,0.0
SSC_AUS,SAT1,Request,2020-01-01T00:00:00.000,0.0
SSC_AUS,SAT1,Request,2020-01-01T00:00:00.000,0.0
SSC_AUS,SAT1,Request,2020-01-01T00:00:00.000,0.0
SSC_AUS,SAT1,Request,2020-01-01T00:00:00.000,0.0
SSC_AUS,SAT1,Request,2020-01-01T00:00:00.000,0.0
SSC_AUS,SAT1,Request,2020-01-01T00:00:00.000,0.0
SSC_AUS,SAT2,Request,2020-01-01T00:00:00.000,0.0
SSC_AUS,SAT2,Request,2020-01-01T00:00:00.000,0.0
SSC_AUS,SAT2,Request,2020-01-01T00:00:00.000,0.0
SSC_AUS,SAT2,Request,2020-01-01T00:00:00.000,0.0
SSC_AUS,SAT2,Request,2020-01-01T00:00:00.000,0.0
SSC_AUS,SAT2,Request,2020-01-01T00:00:00.000,0.0
SSC_AUS,SAT2,Request,2020-01-01T00:00:00.000,0.0
SSC_AUS,SAT2,Request,2020-01-01T00:00:00.000,0.0
SSC_AUS,SAT2,Request,2020-01-01T00:00:00.000,0.0
SSC_AUS,SAT2,Request,2020-01-01T00:00:00.000,0.0
SSC_AUS,SAT2,Request,2020-01-01T00:00:00.000,0.0
SSC_AUS,SAT2,Request,2020-01-01T00:00:00.000,0.0
SSC_AUS,SAT2,Request,2020-01-01T00:00:00.000,0.0
SSC_AUS,SAT2,Request,2020-01-01T00:00:00.000,0.0
SSC_AUS,SAT2,Request,2020-01-01T00:00:00.000,0.0
SSC_AUS,SAT2,Request,2020-01-01T00:00:00.000,0.0
SSC_AUS,SAT2,Request,2020-01-01T00:00:00.000,0.0
SSC_AUS,SAT2,Request,2020-01-01T00:00:00.000,0.0
SSC_AUS,SAT2,Request,2020-01-01T00:00:00.000,0.0
SSC_AUS,SAT2,Request,2020-01-01T00:00:00.000,0.0
SSC_AUS,SAT3,Request,2020-01-01T00:00:00.000,0.0
SSC_AUS,SAT3,Request,2020-01-01T00:00:00.000,0.0
SSC_AUS,SAT3,Request,2020-01-01T00:00:00.000,0.0
SSC_AUS,SAT3,Request,2020-01-01T00:00:00.000,0.0
SSC_AUS,SAT3,Request,2020-01-01T00:00:00.000,0.0
SSC_AUS,SAT3,Request,2020-01-01T00:00:00.000,0.0
SSC_AUS,SAT3,Request,2020-01-01T00:00:00.000,0.0
SSC_AUS,SAT3,Request,2020-01-01T00:00:00.000,0.0
SSC_AUS,SAT3,Request,2020-01-01T00:00:00.000,0.0
SSC_AUS,SAT3,Request,2020-01-01T00:00:00.000,0.0
SSC_AUS,SAT3,Request,2020-01-01T00:00:00.000,0.0
SSC_AUS,SAT3,Request,2020-01-01T00:00:00.000,0.0
SSC_AUS,SAT3,Request,2020-01-01T00:00:00.000,0.0
SSC_AUS,SAT3,Request,2020-01-01T00:00:00.000,0.0
SSC_AUS,SAT3,Request,2020-01-01T00:00:00.000,0.0
SSC_AUS,SAT3,Request,2020-01-01T00:00:00.000,0.0
SSC_AUS,SAT3,Request,2020-01-01T00:00:00.000,0.0
SSC_AUS,SAT3,Request,2020-01-01T00:00:00.000,0.0
SSC_AUS,SAT3,Request,2020-01-01T00:00:00.000,0.0
SSC_AUS,SAT3,Request,2020-01-01T00:00:00.000,0.0
SSC_AUS,SAT3,Request,2020-01-01T00:00:00.000,0.0
SSC_AUS,SAT3,Request,2020-01-01T00:00:00.000,0.0
NASA_NM,GEO3,Request,2020-01-01T00:00:00.000,0.0
NASA_NM,GEO3,Request,2020-01-01T00:00:00.000,0.0
NASA_NM,GEO3,Request,2020-01-01T00:00:00.000,0.0
NASA_NM,GEO3,Request,2020-01-01T00:00:00.000,0.0
NASA_NM,GEO3,Request,2020-01-01T00:00:00.000,0.0
NASA_NM,GEO3,Request,2020-01-01T00:00:00.000,0.0
NASA_NM,GEO3,Request,2020-01-01T00:00:00.000,0.0
NASA_NM,GEO3,Request,2020-01-01T00:00:00.000,0.0
NASA_NM,GEO3,Request,2020-01-01T00:00:00.000,0.0
NASA_NM,GEO3,Request,2020-01-01T00:00:00.000,0.0
NASA_NM,GEO3,Request,2020-01-01T00:00:00.000,0.0
NASA_NM,GEO3,Request,2020-01-01T00:00:00.000,0.0
NASA_NM,GEO3,Request,2020-01-01T00:00:00.000,0.0
NASA_NM,GEO3,Request,2020-01-01T00:00:00.000,0.0
NASA_NM,GEO3,Request,2020-01-01T00:00:00.000,0.0
NASA_NM,GEO3,Request,2020-01-01T00:00:00.000,0.0
NASA_NM,GEO3,Request,2020-01-01T00:00:00.000,0.0
NASA_NM,GEO3,Request,2020-01-01T00:00:00.000,0.0
NASA_NM,GEO3,Request,2020-01-01T00:00:00.000,0.0
NASA_NM,GEO3,Request,2020-01-01T00:00:00.000,0.0
NASA_NM,GEO3,Request,2020-01-01T00:00:00.000,0.0
NASA_NM,GEO3,Request,2020-01-01T00:00:00.000,0.0
NASA_NM,GEO3,Request,2020-01-01T00:00:00.000,0.0
NASA_NM,SAT2,Request,2020-01-01T00:00:00.000,0.0
NASA_NM,SAT2,Request,2020-01-01T00:00:00.000,0.0
NASA_NM,SAT2,Request,2020-01-01T00:00:00.000,0.0
NASA_NM,SAT3,Request,2020-01-01T00:00:00.000,0.0
NASA_NM,SAT3,Request,2020-01-01T00:00:00.000,0.0
NASA_NM,SAT3,Request,2020-01-01T00:00:00.000,0.0
NASA_NM,SAT1,Request,2020-01-01T00:00:00.000,0.0
NASA_NM,SAT1,Request,2020-01-01T00:00:00.000,0.0
NASA_NM,SAT1,Request,2020-01-01T00:00:00.000,0.0
NASA_NM,SAT1,Request,2020-01-01T00:00:00.000,0.0
NASA_NM,SAT1,Request,2020-01-01T00:00:00.000,0.0
NASA_NM,SAT1,Request,2020-01-01T00:00:00.000,0.0
NASA_NM,SAT1,Request,2020-01-01T00:00:00.000,0.0
NASA_NM,SAT1,Request,2020-01-01T00:00:00.000,0.0
NASA_NM,SAT1,Request,2020-01-01T00:00:00.000,0.0
NASA_NM,SAT1,Request,2020-01-01T00:00:00.000,0.0
NASA_NM,SAT1,Request,2020-01-01T00:00:00.000,0.0
NASA_NM,SAT2,Request,2020-01-01T00:00:00.000,0.0
NASA_NM,SAT2,Request,2020-01-01T00:00:00.000,0.0
NASA_NM,SAT2,Request,2020-01-01T00:00:00.000,0.0
NASA_NM,SAT2,Request,2020-01-01T00:00:00.000,0.0
NASA_NM,SAT2,Request,2020-01-01T00:00:00.000,0.0
NASA_NM,SAT2,Request,2020-01-01T00:00:00.000,0.0
NASA_NM,SAT2,Request,2020-01-01T00:00:00.000,0.0
NASA_NM,SAT2,Request,2020-01-01T00:00:00.000,0.0
NASA_NM,SAT2,Request,2020-01-01T00:00:00.000,0.0
NASA_NM,SAT2,Request,2020-01-01T00:00:00.000,0.0
NASA_NM,SAT2,Request,2020-01-01T00:00:00.000,0.0
NASA_NM,SAT2,Request,2020-01-01T00:00:00.000,0.0
NASA_NM,SAT2,Request,2020-01-01T00:00:00.000,0.0
NASA_NM,SAT3,Request,2020-01-01T00:00:00.000,0.0
NASA_NM,SAT3,Request,2020-01-01T00:00:00.000,0.0
NASA_NM,SAT3,Request,2020-01-01T00:00:00.000,0.0
NASA_NM,SAT3,Request,2020-01-01T00:00:00.000,0.0
NASA_NM,SAT3,Request,2020-01-01T00:00:00.000,0.0
NASA_NM,SAT3,Request,2020-01-01T00:00:00.000,0.0
NASA_NM,SAT3,Request,2020-01-01T00:00:00.000,0.0
NASA_NM,SAT3,Request,2020-01-01T00:00:00.000,0.0
NASA_NM,SAT3,Request,2020-01-01T00:00:00.000,0.0
NASA_NM,SAT3,Request,2020-01-01T00:00:00.000,0.0
NASA_NM,SAT3,Request,2020-01-01T00:00:00.000,0.0
NASA_NM,SAT3,Request,2020-01-01T00:00:00.000,0.0
NASA_NM,SAT3,Request,2020-01-01T00:00:00.000,0.0
NASA_NM,SAT1,Request,2020-01-01T00:00:00.000,0.0
NASA_NM,SAT1,Request,2020-01-01T00:00:00.000,0.0
NASA_NM,SAT1,Request,2020-01-01T00:00:00.000,0.0
NASA_NM,SAT1,Request,2020-01-01T00:00:00.000,0.0
NASA_NM,SAT1,Request,2020-01-01T00:00:00.000,0.0
NASA_NM,SAT1,Request,2020-01-01T00:00:00.000,0.0
NASA_NM,SAT1,Request,2020-01-01T00:00:00.000,0.0
NASA_NM,SAT1,Request,2020-01-01T00:00:00.000,0.0
NASA_NM,SAT1,Request,2020-01-01T00:00:00.000,0.0
NASA_NM,SAT1,Request,2020-01-01T00:00:00.000,0.0
NASA_NM,SAT1,Request,2020-01-01T00:00:00.000,0.0
NASA_NM,SAT1,Request,2020-01-01T00:00:00.000,0.0
NASA_NM,SAT1,Request,2020-01-01T00:00:00.000,0.0
NASA_NM,SAT1,Request,2020-01-01T00:00:00.000,0.0
NASA_NM,SAT1,Request,2020-01-01T00:00:00.000,0.0
NASA_NM,SAT1,Request,2020-01-01T00:00:00.000,0.0
NASA_NM,SAT2,Request,2020-01-01T00:00:00.000,0.0
NASA_NM,SAT2,Request,2020-01-01T00:00:00.000,0.0
NASA_NM,SAT2,Request,2020-01-01T00:00:00.000,0.0
NASA_NM,SAT2,Request,2020-01-01T00:00:00.000,0.0
NASA_NM,SAT2,Request,2020-01-01T00:00:00.000,0.0
NASA_NM,SAT2,Request,2020-01-01T00:00:00.000,0.0
NASA_NM,SAT2,Request,2020-01-01T00:00:00.000,0.0
NASA_NM,SAT2,Request,2020-01-01T00:00:00.000,0.0
NASA_NM,SAT2,Request,2020-01-01T00:00:00.000,0.0
NASA_NM,SAT2,Request,2020-01-01T00:00:00.000,0.0
NASA_NM,SAT2,Request,2020-01-01T00:00:00.000,0.0
NASA_NM,SAT2,Request,2020-01-01T00:00:00.000,0.0
NASA_NM,SAT2,Request,2020-01-01T00:00:00.000,0.0
NASA_NM,SAT2,Request,2020-01-01T00:00:00.000,0.0
NASA_NM,SAT2,Request,2020-01-01T00:00:00.000,0.0
NASA_NM,SAT2,Request,2020-01-01T00:00:00.000,0.0
NASA_NM,SAT2,Request,2020-01-01T00:00:00.000,0.0
NASA_NM,SAT3,Request,2020-01-01T00:00:00.000,0.0
NASA_NM,SAT3,Request,2020-01-01T00:00:00.000,0.0
NASA_NM,SAT3,Request,2020-01-01T00:00:00.000,0.0
NASA_NM,SAT3,Request,2020-01-01T00:00:00.000,0.0
NASA_NM,SAT3,Request,2020-01-01T00:00:00.000,0.0
NASA_NM,SAT3,Request,2020-01-01T00:00:00.000,0.0
NASA_NM,SAT3,Request,2020-01-01T00:00:00.000,0.0
NASA_NM,SAT3,Request,2020-01-01T00:00:00.000,0.0
NASA_NM,SAT3,Request,2020-01-01T00:00:00.000,0.0
NASA_NM,SAT3,Request,2020-01-01T00:00:00.000,0.0
NASA_NM,SAT3,Request,2020-01-01T00:00:00.000,0.0
NASA_NM,SAT3,Request,2020-01-01T00:00:00.000,0.0
NASA_NM,SAT3,Request,2020-01-01T00:00:00.000,0.0
NASA_NM,SAT3,Request,2020-01-01T00:00:00.000,0.0
NASA_NM,SAT3,Request,2020-01-01T00:00:00.000,0.0
NASA_NM,SAT3,Request,2020-01-01T00:00:00.000,0.0
NASA_NM,SAT3,Request,2020-01-01T00:00:00.000,0.0
NASA_NM,SAT3,Request,2020-01-01T00:00:00.000,0.0
SSC_SWE,GEO1,Request,2020-01-01T00:00:00.000,0.0
SSC_SWE,GEO1,Request,2020-01-01T00:00:00.000,0.0
SSC_SWE,GEO1,Request,2020-01-01T00:00:00.000,0.0
SSC_SWE,GEO1,Request,2020-01-01T00:00:00.000,0.0
SSC_SWE,GEO1,Request,2020-01-01T00:00:00.000,0.0
SSC_SWE,GEO1,Request,2020-01-01T00:00:00.000,0.0
SSC_SWE,GEO1,Request,2020-01-01T00:00:00.000,0.0
SSC_SWE,GEO1,Request,2020-01-01T00:00:00.000,0.0
SSC_SWE,GEO1,Request,2020-01-01T00:00:00.000,0.0
SSC_SWE,GEO1,Request,2020-01-01T00:00:00.000,0.0
SSC_SWE,GEO1,Request,2020-01-01T00:00:00.000,0.0
SSC_SWE,GEO1,Request,2020-01-01T00:00:00.000,0.0
SSC_SWE,GEO1,Request,2020-01-01T00:00:00.000,0.0
SSC_SWE,GEO1,Request,2020-01-01T00:00:00.000,0.0
SSC_SWE,GEO1,Request,2020-01-01T00:00:00.000,0.0
SSC_SWE,GEO1,Request,2020-01-01T00:00:00.000,0.0
SSC_SWE,GEO1,Request,2020-01-01T00:00:00.000,0.0
SSC_SWE,GEO1,Request,2020-01-01T00:00:00.000,0.0
SSC_SWE,GEO1,Request,2020-01-01T00:00:00.000,0.0
SSC_SWE,GEO1,Request,2020-01-01T00:00:00.000,0.0
SSC_SWE,GEO1,Request,2020-01-01T00:00:00.000,0.0
SSC_SWE,GEO1,Request,2020-01-01T00:00:00.000,0.0
SSC_HI,GEO3,Request,2020-01-01T00:00:00.000,0.0
SSC_HI,GEO3,Request,2020-01-01T00:00:00.000,0.0
SSC_HI,GEO3,Request,2020-01-01T00:00:00.000,0.0
SSC_HI,GEO3,Request,2020-01-01T00:00:00.000,0.0
SSC_HI,GEO3,Request,2020-01-01T00:00:00.000,0.0
SSC_HI,GEO3,Request,2020-01-01T00:00:00.000,0.0
SSC_HI,GEO3,Request,2020-01-01T00:00:00.000,0.0
SSC_HI,GEO3,Request,2020-01-01T00:00:00.000,0.0
SSC_HI,GEO3,Request,2020-01-01T00:00:00.000,0.0
SSC_HI,GEO3,Request,2020-01-01T00:00:00.000,0.0
SSC_HI,GEO3,Request,2020-01-01T00:00:00.000,0.0
SSC_HI,GEO3,Request,2020-01-01T00:00:00.000,0.0
SSC_HI,GEO3,Request,2020-01-01T00:00:00.000,0.0
SSC_HI,GEO2,Request,2020-01-01T00:00:00.000,0.0
SSC_HI,GEO2,Request,2020-01-01T00:00:00.000,0.0
SSC_HI,GEO2,Request,2020-01-01T00:00:00.000,0.0
SSC_HI,GEO2,Request,2020-01-01T00:00:00.000,0.0
SSC_HI,GEO2,Request,2020-01-01T00:00:00.000,0.0
SSC_HI,GEO2,Request,2020-01-01T00:00:00.000,0.0
SSC_HI,GEO2,Request,2020-01-01T00:00:00.000,0.0
SSC_HI,GEO2,Request,2020-01-01T00:00:00.000,0.0
SSC_HI,GEO2,Request,2020-01-01T00:00:00.000,0.0
SSC_HI,GEO2,Request,2020-01-01T00:00:00.000,0.0
SSC_HI,GEO2,Request,2020-01-01T00:00:00.000,0.0
SSC_HI,GEO2,Request,2020-01-01T00:00:00.000,0.0
SSC_HI,GEO2,Request,2020-01-01T00:00:00.000,0.0
SSC_HI,GEO2,Request,2020-01-01T00:00:00.000,0.0
SSC_HI,GEO2,Request,2020-01-01T00:00:00.000,0.0
SSC_HI,GEO2,Request,2020-01-01T00:00:00.000,0.0
SSC_HI,GEO2,Request,2020-01-01T00:00:00.000,0.0
SSC_HI,GEO2,Request,2020-01-01T00:00:00.000,0.0
SSC_HI,GEO2,Request,2020-01-01T00:00:00.000,0.0
SSC_HI,GEO2,Request,2020-01-01T00:00:00.000,0.0
SSC_HI,GEO2,Request,2020-01-01T00:00:00.000,0.0
SSC_HI,GEO2,Request,2020-01-01T00:00:00.000,0.0
SSC_HI,GEO2,Request,2020-01-01T00:00:00.000,0.0
SSC_HI,SAT1,Request,2020-01-01T00:00:00.000,0.0
SSC_HI,SAT1,Request,2020-01-01T00:00:00.000,0.0
SSC_HI,SAT1,Request,2020-01-01T00:00:00.000,0.0
SSC_HI,SAT1,Request,2020-01-01T00:00:00.000,0.0
SSC_HI,SAT1,Request,2020-01-01T00:00:00.000,0.0
SSC_HI,SAT1,Request,2020-01-01T00:00:00.000,0.0
SSC_HI,SAT1,Request,2020-01-01T00:00:00.000,0.0
SSC_HI,SAT1,Request,2020-01-01T00:00:00.000,0.0
SSC_HI,SAT1,Request,2020-01-01T00:00:00.000,0.0
SSC_HI,SAT1,Request,2020-01-01T00:00:00.000,0.0
SSC_HI,SAT1,Request,2020-01-01T00:00:00.000,0.0
SSC_HI,SAT1,Request,2020-01-01T00:00:00.000,0.0
SSC_HI,SAT1,Request,2020-01-01T00:00:00.000,0.0
SSC_HI,SAT1,Request,2020-01-01T00:00:00.000,0.0
SSC_HI,SAT1,Request,2020-01-01T00:00:00.000,0.0
SSC_HI,SAT1,Request,2020-01-01T00:00:00.000,0.0
SSC_HI,SAT2,Request,2020-01-01T00:00:00.000,0.0
SSC_HI,SAT2,Request,2020-01-01T00:00:00.000,0.0
SSC_HI,SAT2,Request,2020-01-01T00:00:00.000,0.0
SSC_HI,SAT2,Request,2020-01-01T00:00:00.000,0.0
SSC_HI,SAT2,Request,2020-01-01T00:00:00.000,0.0
SSC_HI,SAT2,Request,2020-01-01T00:00:00.000,0.0
SSC_HI,SAT2,Request,2020-01-01T00:00:00.000,0.0
SSC_HI,SAT2,Request,2020-01-01T00:00:00.000,0.0
SSC_HI,SAT2,Request,2020-01-01T00:00:00.000,0.0
SSC_HI,SAT2,Request,2020-01-01T00:00:00.000,0.0
SSC_HI,SAT2,Request,2020-01-01T00:00:00.000,0.0
SSC_HI,SAT2,Request,2020-01-01T00:00:00.000,0.0
SSC_HI,SAT2,Request,2020-01-01T00:00:00.000,0.0
SSC_HI,SAT2,Request,2020-01-01T00:00:00.000,0.0
SSC_HI,SAT2,Request,2020-01-01T00:00:00.000,0.0
SSC_HI,SAT2,Request,2020-01-01T00:00:00.000,0.0
SSC_HI,SAT3,Request,2020-01-01T00:00:00.000,0.0
SSC_HI,SAT3,Request,2020-01-01T00:00:00.000,0.0
SSC_HI,SAT3,Request,2020-01-01T00:00:00.000,0.0
SSC_HI,SAT3,Request,2020-01-01T00:00:00.000,0.0
SSC_HI,SAT3,Request,2020-01-01T00:00:00.000,0.0
SSC_HI,SAT3,Request,2020-01-01T00:00:00.000,0.0
SSC_HI,SAT3,Request,2020-01-01T00:00:00.000,0.0
SSC_HI,SAT3,Request,2020-01-01T00:00:00.000,0.0
SSC_HI,SAT3,Request,2020-01-01T00:00:00.000,0.0
SSC_HI,SAT3,Request,2020-01-01T00:00:00.000,0.0
SSC_HI,SAT3,Request,2020-01-01T00:00:00.000,0.0
SSC_HI,SAT3,Request,2020-01-01T00:00:00.000,0.0
SSC_HI,SAT3,Request,2020-01-01T00:00:00.000,0.0
SSC_HI,SAT3,Request,2020-01-01T00:00:00.000,0.0
SSC_HI,SAT3,Request,2020-01-01T00:00:00.000,0.0
SSC_HI,SAT3,Request,2020-01-01T00:00:00.000,0.0
SSC_HI,SAT3,Request,2020-01-01T00:00:00.000,0.0
SSC_HI,SAT1,Request,2020-01-01T00:00:00.000,0.0
SSC_HI,SAT1,Request,2020-01-01T00:00:00.000,0.0
SSC_HI,SAT1,Request,2020-01-01T00:00:00.000,0.0
SSC_HI,SAT1,Request,2020-01-01T00:00:00.000,0.0
SSC_HI,SAT1,Request,2020-01-01T00:00:00.000,0.0
SSC_HI,SAT1,Request,2020-01-01T00:00:00.000,0.0
SSC_HI,SAT1,Request,2020-01-01T00:00:00.000,0.0
SSC_HI,SAT1,Request,2020-01-01T00:00:00.000,0.0
SSC_HI,SAT1,Request,2020-01-01T00:00:00.000,0.0
SSC_HI,SAT1,Request,2020-01-01T00:00:00.000,0.0
SSC_HI,SAT1,Request,2020-01-01T00:00:00.000,0.0
SSC_HI,SAT1,Request,2020-01-01T00:00:00.000,0.0
SSC_HI,SAT1,Request,2020-01-01T00:00:00.000,0.0
SSC_HI,SAT1,Request,2020-01-01T00:00:00.000,0.0
SSC_HI,SAT1,Request,2020-01-01T00:00:00.000,0.0
SSC_HI,SAT1,Request,2020-01-01T00:00:00.000,0.0
SSC_HI,SAT1,Request,2020-01-01T00:00:00.000,0.0
SSC_HI,SAT1,Request,2020-01-01T00:00:00.000,0.0
SSC_HI,SAT1,Request,2020-01-01T00:00:00.000,0.0
SSC_HI,SAT1,Request,2020-01-01T00:00:00.000,0.0
SSC_HI,SAT1,Request,2020-01-01T00:00:00.000,0.0
SSC_HI,SAT1,Request,2020-01-01T00:00:00.000,0.0
NASA_PON,GEO3,Request,2020-01-01T00:00:00.000,0.0
NASA_PON,GEO3,Request,2020-01-01T00:00:00.000,0.0
NASA_PON,GEO3,Request,2020-01-01T00:00:00.000,0.0
NASA_PON,GEO3,Request,2020-01-01T00:00:00.000,0.0
NASA_PON,GEO3,Request,2020-01-01T00:00:00.000,0.0
NASA_PON,GEO3,Request,2020-01-01T00:00:00.000,0.0
NASA_PON,GEO3,Request,2020-01-01T00:00:00.000,0.0
NASA_PON,GEO3,Request,2020-01-01T00:00:00.000,0.0
NASA_PON,GEO3,Request,2020-01-01T00:00:00.000,0.0
NASA_PON,GEO3,Request,2020-01-01T00:00:00.000,0.0
NASA_PON,GEO3,Request,2020-01-01T00:00:00.000,0.0
NASA_PON,GEO3,Request,2020-01-01T00:00:00.000,0.0
NASA_PON,GEO3,Request,2020-01-01T00:00:00.000,0.0
NASA_PON,GEO3,Request,2020-01-01T00:00:00.000,0.0
NASA_PON,GEO3,Request,2020-01-01T00:00:00.000,0.0
NASA_PON,GEO3,Request,2020-01-01T00:00:00.000,0.0
NASA_PON,GEO3,Request,2020-01-01T00:00:00.000,0.0
NASA_PON,GEO3,Request,2020-01-01T00:00:00.000,0.0
NASA_PON,GEO3,Request,2020-01-01T00:00:00.000,0.0
NASA_PON,GEO3,Request,2020-01-01T00:00:00.000,0.0
NASA_PON,GEO3,Request,2020-01-01T00:00:00.000,0.0
NASA_PON,GEO3,Request,2020-01-01T00:00:00.000,0.0
NASA_PON,GEO3,Request,2020-01-01T00:00:00.000,0.0
NASA_PON,SAT1,Request,2020-01-01T00:00:00.000,0.0
NASA_PON,SAT1,Request,2020-01-01T00:00:00.000,0.0
NASA_PON,SAT1,Request,2020-01-01T00:00:00.000,0.0
NASA_PON,SAT2,Request,2020-01-01T00:00:00.000,0.0
NASA_PON,SAT2,Request,2020-01-01T00:00:00.000,0.0
NASA_PON,SAT2,Request,2020-01-01T00:00:00.000,0.0
NASA_PON,SAT3,Request,2020-01-01T00:00:00.000,0.0
NASA_PON,SAT3,Request,2020-01-01T00:00:00.000,0.0
NASA_PON,SAT3,Request,2020-01-01T00:00:00.000,0.0
NASA_PON,SAT1,Request,2020-01-01T00:00:00.000,0.0
NASA_PON,SAT1,Request,2020-01-01T00:00:00.000,0.0
NASA_PON,SAT1,Request,2020-01-01T00:00:00.000,0.0
NASA_PON,SAT1,Request,2020-01-01T00:00:00.000,0.0
NASA_PON,SAT1,Request,2020-01-01T00:00:00.000,0.0
NASA_PON,SAT1,Request,2020-01-01T00:00:00.000,0.0
NASA_PON,SAT1,Request,2020-01-01T00:00:00.000,0.0
NASA_PON,SAT1,Request,2020-01-01T00:00:00.000,0.0
NASA_PON,SAT1,Request,2020-01-01T00:00:00.000,0.0
NASA_PON,SAT1,Request,2020-01-01T00:00:00.000,0.0
NASA_PON,SAT1,Request,2020-01-01T00:00:00.000,0.0
NASA_PON,SAT2,Request,2020-01-01T00:00:00.000,0.0
NASA_PON,SAT2,Request,2020-01-01T00:00:00.000,0.0
NASA_PON,SAT2,Request,2020-01-01T00:00:00.000,0.0
NASA_PON,SAT2,Request,2020-01-01T00:00:00.000,0.0
NASA_PON,SAT2,Request,2020-01-01T00:00:00.000,0.0
NASA_PON,SAT2,Request,2020-01-01T00:00:00.000,0.0
NASA_PON,SAT2,Request,2020-01-01T00:00:00.000,0.0
NASA_PON,SAT2,Request,2020-01-01T00:00:00.000,0.0
NASA_PON,SAT2,Request,2020-01-01T00:00:00.000,0.0
NASA_PON,SAT2,Request,2020-01-01T00:00:00.000,0.0
NASA_PON,SAT2,Request,2020-01-01T00:00:00.000,0.0
NASA_PON,SAT2,Request,2020-01-01T00:00:00.000,0.0
NASA_PON,SAT2,Request,2020-01-01T00:00:00.000,0.0
NASA_PON,SAT3,Request,2020-01-01T00:00:00.000,0.0
NASA_PON,SAT3,Request,2020-01-01T00:00:00.000,0.0
NASA_PON,SAT3,Request,2020-01-01T00:00:00.000,0.0
NASA_PON,SAT3,Request,2020-01-01T00:00:00.000,0.0
NASA_PON,SAT3,Request,2020-01-01T00:00:00.000,0.0
NASA_PON,SAT3,Request,2020-01-01T00:00:00.000,0.0
NASA_PON,SAT3,Request,2020-01-01T00:00:00.000,0.0
NASA_PON,SAT3,Request,2020-01-01T00:00:00.000,0.0
NASA_PON,SAT3,Request,2020-01-01T00:00:00.000,0.0
NASA_PON,SAT3,Request,2020-01-01T00:00:00.000,0.0
NASA_PON,SAT3,Request,2020-01-01T00:00:00.000,0.0
NASA_PON,SAT3,Request,2020-01-01T00:00:00.000,0.0
NASA_PON,SAT3,Request,2020-01-01T00:00:00.000,0.0
NASA_KEN,GEO3,Request,2020-01-01T00:00:00.000,0.0
NASA_KEN,GEO3,Request,2020-01-01T00:00:00.000,0.0
NASA_KEN,GEO3,Request,2020-01-01T00:00:00.000,0.0
NASA_KEN,GEO3,Request,2020-01-01T00:00:00.000,0.0
NASA_KEN,GEO3,Request,2020-01-01T00:00:00.000,0.0
NASA_KEN,GEO3,Request,2020-01-01T00:00:00.000,0.0
NASA_KEN,GEO3,Request,2020-01-01T00:00:00.000,0.0
NASA_KEN,GEO3,Request,2020-01-01T00:00:00.000,0.0
NASA_KEN,GEO3,Request,2020-01-01T00:00:00.000,0.0
NASA_KEN,GEO3,Request,2020-01-01T00:00:00.000,0.0
NASA_KEN,GEO3,Request,2020-01-01T00:00:00.000,0.0
NASA_KEN,GEO3,Request,2020-01-01T00:00:00.000,0.0
NASA_KEN,GEO3,Request,2020-01-01T00:00:00.000,0.0
NASA_KEN,GEO3,Request,2020-01-01T00:00:00.000,0.0
NASA_KEN,GEO3,Request,2020-01-01T00:00:00.000,0.0
NASA_KEN,GEO3,Request,2020-01-01T00:00:00.000,0.0
NASA_KEN,GEO3,Request,2020-01-01T00:00:00.000,0.0
NASA_KEN,GEO3,Request,2020-01-01T00:00:00.000,0.0
NASA_KEN,GEO3,Request,2020-01-01T00:00:00.000,0.0
NASA_KEN,GEO3,Request,2020-01-01T00:00:00.000,0.0
NASA_KEN,GEO3,Request,2020-01-01T00:00:00.000,0.0
NASA_KEN,GEO3,Request,2020-01-01T00:00:00.000,0.0
NASA_KEN,GEO3,Request,2020-01-01T00:00:00.000,0.0
NASA_KEN,SAT1,Request,2020-01-01T00:00:00.000,0.0
NASA_KEN,SAT1,Request,2020-01-01T00:00:00.000,0.0
NASA_KEN,SAT1,Request,2020-01-01T00:00:00.000,0.0
NASA_KEN,SAT2,Request,2020-01-01T00:00:00.000,0.0
NASA_KEN,SAT2,Request,2020-01-01T00:00:00.000,0.0
NASA_KEN,SAT2,Request,2020-01-01T00:00:00.000,0.0
NASA_KEN,SAT3,Request,2020-01-01T00:00:00.000,0.0
NASA_KEN,SAT3,Request,2020-01-01T00:00:00.000,0.0
NASA_KEN,SAT3,Request,2020-01-01T00:00:00.000,0.0
NASA_KEN,SAT1,Request,2020-01-01T00:00:00.000,0.0
NASA_KEN,SAT1,Request,2020-01-01T00:00:00.000,0.0
NASA_KEN,SAT1,Request,2020-01-01T00:00:00.000,0.0
NASA_KEN,SAT1,Request,2020-01-01T00:00:00.000,0.0
NASA_KEN,SAT1,Request,2020-01-01T00:00:00.000,0.0
NASA_KEN,SAT1,Request,2020-01-01T00:00:00.000,0.0
NASA_KEN,SAT1,Request,2020-01-01T00:00:00.000,0.0
NASA_KEN,SAT1,Request,2020-01-01T00:00:00.000,0.0
NASA_KEN,SAT1,Request,2020-01-01T00:00:00.000,0.0
NASA_KEN,SAT1,Request,2020-01-01T00:00:00.000,0.0
NASA_KEN,SAT1,Request,2020-01-01T00:00:00.000,0.0
NASA_KEN,SAT2,Request,2020-01-01T00:00:00.000,0.0
NASA_KEN,SAT2,Request,2020-01-01T00:00:00.000,0.0
NASA_KEN,SAT2,Request,2020-01-01T00:00:00.000,0.0
NASA_KEN,SAT2,Request,2020-01-01T00:00:00.000,0.0
NASA_KEN,SAT2,Request,2020-01-01T00:00:00.000,0.0
NASA_KEN,SAT2,Request,2020-01-01T00:00:00.000,0.0
NASA_KEN,SAT2,Request,2020-01-01T00:00:00.000,0.0
NASA_KEN,SAT2,Request,2020-01-01T00:00:00.000,0.0
NASA_KEN,SAT2,Request,2020-01-01T00:00:00.000,0.0
NASA_KEN,SAT2,Request,2020-01-01T00:00:00.000,0.0
NASA_KEN,SAT2,Request,2020-01-01T00:00:00.000,0.0
NASA_KEN,SAT2,Request,2020-01-01T00:00:00.000,0.0
NASA_KEN,SAT2,Request,2020-01-01T00:00:00.000,0.0
NASA_KEN,SAT3,Request,2020-01-01T00:00:00.000,0.0
NASA_KEN,SAT3,Request,2020-01-01T00:00:00.000,0.0
NASA_KEN,SAT3,Request,2020-01-01T00:00:00.000,0.0
NASA_KEN,SAT3,Request,2020-01-01T00:00:00.000,0.0
NASA_KEN,SAT3,Request,2020-01-01T00:00:00.000,0.0
NASA_KEN,SAT3,Request,2020-01-01T00:00:00.000,0.0
NASA_KEN,SAT3,Request,2020-01-01T00:00:00.000,0.0
NASA_KEN,SAT3,Request,2020-01-01T00:00:00.000,0.0
NASA_KEN,SAT3,Request,2020-01-01T00:00:00.000,0.0
NASA_KEN,SAT3,Request,2020-01-01T00:00:00.000,0.0
NASA_KEN,SAT3,Request,2020-01-01T00:00:00.000,0.0
NASA_KEN,SAT3,Request,2020-01-01T00:00:00.000,0.0
NASA_KEN,SAT3,Request,2020-01-01T00:00:00.000,0.0
NASA_WAL,GEO3,Request,2020-01-01T00:00:00.000,0.0
NASA_WAL,GEO3,Request,2020-01-01T00:00:00.000,0.0
NASA_WAL,GEO3,Request,2020-01-01T00:00:00.000,0.0
NASA_WAL,GEO3,Request,2020-01-01T00:00:00.000,0.0
NASA_WAL,GEO3,Request,2020-01-01T00:00:00.000,0.0
NASA_WAL,GEO3,Request,2020-01-01T00:00:00.000,0.0
NASA_WAL,GEO3,Request,2020-01-01T00:00:00.000,0.0
NASA_WAL,GEO3,Request,2020-01-01T00:00:00.000,0.0
NASA_WAL,GEO3,Request,2020-01-01T00:00:00.000,0.0
NASA_WAL,GEO3,Request,2020-01-01T00:00:00.000,0.0
NASA_WAL,GEO3,Request,2020-01-01T00:00:00.000,0.0
NASA_WAL,GEO3,Request,2020-01-01T00:00:00.000,0.0
NASA_WAL,GEO3,Request,2020-01-01T00:00:00.000,0.0
NASA_WAL,GEO3,Request,2020-01-01T00:00:00.000,0.0
NASA_WAL,GEO3,Request,2020-01-01T00:00:00.000,0.0
NASA_WAL,GEO3,Request,2020-01-01T00:00:00.000,0.0
NASA_WAL,GEO3,Request,2020-01-01T00:00:00.000,0.0
NASA_WAL,GEO3,Request,2020-01-01T00:00:00.000,0.0
NASA_WAL,GEO3,Request,2020-01-01T00:00:00.000,0.0
NASA_WAL,GEO3,Request,2020-01-01T00:00:00.000,0.0
NASA_WAL,GEO3,Request,2020-01-01T00:00:00.000,0.0
NASA_WAL,GEO3,Request,2020-01-01T00:00:00.000,0.0
NASA_WAL,GEO3,Request,2020-01-01T00:00:00.000,0.0
NASA_WAL,SAT1,Request,2020-01-01T00:00:00.000,0.0
NASA_WAL,SAT1,Request,2020-01-01T00:00:00.000,0.0
NASA_WAL,SAT1,Request,2020-01-01T00:00:00.000,0.0
NASA_WAL,SAT2,Request,2020-01-01T00:00:00.000,0.0
NASA_WAL,SAT2,Request,2020-01-01T00:00:00.000,0.0
NASA_WAL,SAT2,Request,2020-01-01T00:00:00.000,0.0
NASA_WAL,SAT3,Request,2020-01-01T00:00:00.000,0.0
NASA_WAL,SAT3,Request,2020-01-01T00:00:00.000,0.0
NASA_WAL,SAT3,Request,2020-01-01T00:00:00.000,0.0
NASA_WAL,SAT1,Request,2020-01-01T00:00:00.000,0.0
NASA_WAL,SAT1,Request,2020-01-01T00:00:00.000,0.0
NASA_WAL,SAT1,Request,2020-01-01T00:00:00.000,0.0
NASA_WAL,SAT1,Request,2020-01-01T00:00:00.000,0.0
NASA_WAL,SAT1,Request,2020-01-01T00:00:00.000,0.0
NASA_WAL,SAT1,Request,2020-01-01T00:00:00.000,0.0
NASA_WAL,SAT1,Request,2020-01-01T00:00:00.000,0.0
NASA_WAL,SAT1,Request,2020-01-01T00:00:00.000,0.0
NASA_WAL,SAT1,Request,2020-01-01T00:00:00.000,0.0
NASA_WAL,SAT1,Request,2020-01-01T00:00:00.000,0.0
NASA_WAL,SAT1,Request,2020-01-01T00:00:00.000,0.0
NASA_WAL,SAT1,Request,2020-01-01T00:00:00.000,0.0
NASA_WAL,SAT2,Request,2020-01-01T00:00:00.000,0.0
NASA_WAL,SAT2,Request,2020-01-01T00:00:00.000,0.0
NASA_WAL,SAT2,Request,2020-01-01T00:00:00.000,0.0
NASA_WAL,SAT2,Request,2020-01-01T00:00:00.000,0.0
NASA_WAL,SAT2,Request,2020-01-01T00:00:00.000,0.0
NASA_WAL,SAT2,Request,2020-01-01T00:00:00.000,0.0
NASA_WAL,SAT2,Request,2020-01-01T00:00:00.000,0.0
NASA_WAL,SAT2,Request,2020-01-01T00:00:00.000,0.0
NASA_WAL,SAT2,Request,2020-01-01T00:00:00.000,0.0
NASA_WAL,SAT2,Request,2020-01-01T00:00:00.000,0.0
NASA_WAL,SAT2,Request,2020-01-01T00:00:00.000,0.0
NASA_WAL,SAT2,Request,2020-01-01T00:00:00.000,0.0
NASA_WAL,SAT2,Request,2020-01-01T00:00:00.000,0.0
NASA_WAL,SAT3,Request,2020-01-01T00:00:00.000,0.0
NASA_WAL,SAT3,Request,2020-01-01T00:00:00.000,0.0
NASA_WAL,SAT3,Request,2020-01-01T00:00:00.000,0.0
NASA_WAL,SAT3,Request,2020-01-01T00:00:00.000,0.0
NASA_WAL,SAT3,Request,2020-01-01T00:00:00.000,0.0
NASA_WAL,SAT3,Request,2020-01-01T00:00:00.000,0.0
NASA_WAL,SAT3,Request,2020-01-01T00:00:00.000,0.0
NASA_WAL,SAT3,Request,2020-01-01T00:00:00.000,0.0
NASA_WAL,SAT3,Request,2020-01-01T00:00:00.000,0.0
NASA_WAL,SAT3,Request,2020-01-01T00:00:00.000,0.0
NASA_WAL,SAT3,Request,2020-01-01T00:00:00.000,0.0
NASA_WAL,SAT3,Request,2020-01-01T00:00:00.000,0.0
NASA_WAL,SAT3,Request,2020-01-01T00:00:00.000,0.0
NASA_WAL,SAT1,Request,2020-01-01T00:00:00.000,0.0
NASA_WAL,SAT1,Request,2020-01-01T00:00:00.000,0.0
NASA_WAL,SAT1,Request,2020-01-01T00:00:00.000,0.0
NASA_WAL,SAT1,Request,2020-01-01T00:00:00.000,0.0
NASA_WAL,SAT1,Request,2020-01-01T00:00:00.000,0.0
NASA_WAL,SAT1,Request,2020-01-01T00:00:00.000,0.0
NASA_WAL,SAT1,Request,2020-01-01T00:00:00.000,0.0
NASA_WAL,SAT1,Request,2020-01-01T00:00:00.000,0.0
NASA_WAL,SAT1,Request,2020-01-01T00:00:00.000,0.0
NASA_WAL,SAT1,Request,2020-01-01T00:00:00.000,0.0
NASA_WAL,SAT1,Request,2020-01-01T00:00:00.000,0.0
NASA_WAL,SAT1,Request,2020-01-01T00:00:00.000,0.0
NASA_WAL,SAT1,Request,2020-01-01T00:00:00.000,0.0
NASA_WAL,SAT1,Request,2020-01-01T00:00:00.000,0.0
NASA_WAL,SAT1,Request,2020-01-01T00:00:00.000,0.0
NASA_WAL,SAT1,Request,2020-01-01T00:00:00.000,0.0
NASA_WAL,SAT2,Request,2020-01-01T00:00:00.000,0.0
NASA_WAL,SAT2,Request,2020-01-01T00:00:00.000,0.0
NASA_WAL,SAT2,Request,2020-01-01T00:00:00.000,0.0
NASA_WAL,SAT2,Request,2020-01-01T00:00:00.000,0.0
NASA_WAL,SAT2,Request,2020-01-01T00:00:00.000,0.0
NASA_WAL,SAT2,Request,2020-01-01T00:00:00.000,0.0
NASA_WAL,SAT2,Request,2020-01-01T00:00:00.000,0.0
NASA_WAL,SAT2,Request,2020-01-01T00:00:00.000,0.0
NASA_WAL,SAT2,Request,2020-01-01T00:00:00.000,0.0
NASA_WAL,SAT2,Request,2020-01-01T00:00:00.000,0.0
NASA_WAL,SAT2,Request,2020-01-01T00:00:00.000,0.0
NASA_WAL,SAT2,Request,2020-01-01T00:00:00.000,0.0
NASA_WAL,SAT2,Request,2020-01-01T00:00:00.000,0.0
NASA_WAL,SAT2,Request,2020-01-01T00:00:00.000,0.0
NASA_WAL,SAT2,Request,2020-01-01T00:00:00.000,0.0
NASA_WAL,SAT2,Request,2020-01-01T00:00:00.000,0.0
NASA_WAL,SAT2,Request,2020-01-01T00:00:00.000,0.0
NASA_WAL,SAT2,Request,2020-01-01T00:00:00.000,0.0
NASA_WAL,SAT3,Request,2020-01-01T00:00:00.000,0.0
NASA_WAL,SAT3,Request,2020-01-01T00:00:00.000,0.0
NASA_WAL,SAT3,Request,2020-01-01T00:00:00.000,0.0
NASA_WAL,SAT3,Request,2020-01-01T00:00:00.000,0.0
NASA_WAL,SAT3,Request,2020-01-01T00:00:00.000,0.0
NASA_WAL,SAT3,Request,2020-01-01T00:00:00.000,0.0
NASA_WAL,SAT3,Request,2020-01-01T00:00:00.000,0.0
NASA_WAL,SAT3,Request,2020-01-01T00:00:00.000,0.0
NASA_WAL,SAT3,Request,2020-01-01T00:00:00.000,0.0
NASA_WAL,SAT3,Request,2020-01-01T00:00:00.000,0.0
NASA_WAL,SAT3,Request,2020-01-01T00:00:00.000,0.0
NASA_WAL,SAT3,Request,2020-01-01T00:00:00.000,0.0
NASA_WAL,SAT3,Request,2020-01-01T00:00:00.000,0.0
NASA_WAL,SAT3,Request,2020-01-01T00:00:00.000,0.0
NASA_WAL,SAT3,Request,2020-01-01T00:00:00.000,0.0
NASA_WAL,SAT3,Request,2020-01-01T00:00:00.000,0.0
NASA_WAL,SAT3,Request,2020-01-01T00:00:00.000,0.0
NASA_WAL,SAT3,Request,2020-01-01T00:00:00.000,0.0
KSAT_MAL,GEO2,Request,2020-01-01T00:00:00.000,0.0
KSAT_MAL,GEO2,Request,2020-01-01T00:00:00.000,0.0
KSAT_MAL,GEO2,Request,2020-01-01T00:00:00.000,0.0
KSAT_MAL,GEO2,Request,2020-01-01T00:00:00.000,0.0
KSAT_MAL,GEO2,Request,2020-01-01T00:00:00.000,0.0
KSAT_MAL,GEO2,Request,2020-01-01T00:00:00.000,0.0
KSAT_MAL,GEO2,Request,2020-01-01T00:00:00.000,0.0
KSAT_MAL,GEO2,Request,2020-01-01T00:00:00.000,0.0
KSAT_MAL,GEO2,Request,2020-01-01T00:00:00.000,0.0
KSAT_MAL,GEO2,Request,2020-01-01T00:00:00.000,0.0
KSAT_MAL,GEO2,Request,2020-01-01T00:00:00.000,0.0
KSAT_MAL,GEO2,Request,2020-01-01T00:00:00.000,0.0
KSAT_MAL,GEO2,Request,2020-01-01T00:00:00.000,0.0
KSAT_MAL,GEO2,Request,2020-01-01T00:00:00.000,0.0
KSAT_MAL,GEO2,Request,2020-01-01T00:00:00.000,0.0
KSAT_MAL,GEO2,Request,2020-01-01T00:00:00.000,0.0
KSAT_MAL,GEO2,Request,2020-01-01T00:00:00.000,0.0
KSAT_MAL,GEO2,Request,2020-01-01T00:00:00.000,0.0
KSAT_MAL,GEO2,Request,2020-01-01T00:00:00.000,0.0
KSAT_MAL,GEO2,Request,2020-01-01T00:00:00.000,0.0
KSAT_MAL,GEO2,Request,2020-01-01T00:00:00.000,0.0
KSAT_MAL,GEO2,Request,2020-01-01T00:00:00.000,0.0
KSAT_MAL,GEO2,Request,2020-01-01T00:00:00.000,0.0
KSAT_MAL,GEO1,Request,2020-01-01T00:00:00.000,0.0
KSAT_MAL,GEO1,Request,2020-01-01T00:00:00.000,0.0
KSAT_MAL,GEO1,Request,2020-01-01T00:00:00.000,0.0
KSAT_MAL,GEO1,Request,2020-01-01T00:00:00.000,0.0
KSAT_MAL,GEO1,Request,2020-01-01T00:00:00.000,0.0
KSAT_MAL,GEO1,Request,2020-01-01T00:00:00.000,0.0
KSAT_MAL,GEO1,Request,2020-01-01T00:00:00.000,0.0
KSAT_MAL,GEO1,Request,2020-01-01T00:00:00.000,0.0
KSAT_MAL,GEO1,Request,2020-01-01T00:00:00.000,0.0
KSAT_MAL,GEO1,Request,2020-01-01T00:00:00.000,0.0
KSAT_MAL,GEO1,Request,2020-01-01T00:00:00.000,0.0
KSAT_MAL,GEO1,Request,2020-01-01T00:00:00.000,0.0
KSAT_MAL,GEO1,Request,2020-01-01T00:00:00.000,0.0
KSAT_MAL,GEO1,Request,2020-01-01T00:00:00.000,0.0
KSAT_MAL,GEO1,Request,2020-01-01T00:00:00.000,0.0
KSAT_MAL,GEO1,Request,2020-01-01T00:00:00.000,0.0
KSAT_MAL,GEO1,Request,2020-01-01T00:00:00.000,0.0
KSAT_MAL,GEO1,Request,2020-01-01T00:00:00.000,0.0
KSAT_MAL,GEO1,Request,2020-01-01T00:00:00.000,0.0
KSAT_MAL,GEO1,Request,2020-01-01T00:00:00.000,0.0
KSAT_MAL,GEO1,Request,2020-01-01T00:00:00.000,0.0
KSAT_MAL,GEO1,Request,2020-01-01T00:00:00.000,0.0
KSAT_MAL,GEO1,Request,2020-01-01T00:00:00.000,0.0
